{"train_loss": [0.8520699667616033, 0.4387131098554776, 0.16631321394171197, 0.053215254041278796, 0.02321119333518332, 0.01768334918023936, 0.013911335547831263, 0.004104356420290698, 0.003017716574964809, 0.0022674864372533798], "val_loss": [0.927739745960003, 0.884109529598457, 0.9108129532598868, 0.91276122447921, 0.8488524347180273, 0.8952731624609087, 0.9544013247984212, 0.9764156188906693, 0.9134008960752953, 0.939379895605692], "policy_accuracy": [0.025914634146341462, 0.03048780487804878, 0.025914634146341462, 0.03201219512195122, 0.03048780487804878, 0.03201219512195122, 0.028963414634146343, 0.03201219512195122, 0.041158536585365856, 0.038109756097560975], "value_mae": [0.0029941936528946203, 0.002053504730234059, 0.0016648594244587712, 0.0012667140051745242, 0.001017536373138882, 0.0009082204210799096, 0.0008499048658782934, 0.0007777016626943539, 0.0008013682800526844, 0.0005875577186177508], "training_time": 37.04088497161865}