{"train_loss": [0.4190145468989084, 0.3520155850191449, 0.33104582342297534, 0.30706044950110967, 0.2826752599935199, 0.050105542498965594, 0.041284540873887235, 0.03489699709218342, 0.03051281447284097, 0.02503981878060501, 0.017476178643423632, 0.01326071975676906, 0.0106818787684545, 0.007075302967578787, 0.00475090814276015, 0.00473673087194901, 0.003223578088523027, 0.0028748169561235637, 0.0021219722730820836, 0.001961155650258948, 0.0017628394298451948], "val_loss": [0.36722582970794876, 0.3737279941376887, 0.3445715999818946, 0.33425727368969665, 0.3267679184087013, 0.3210163006657048, 0.3378058415592501, 0.3652368733953488, 0.364957678425861, 0.3667492860634076, 0.41245909907708045, 0.4191661313372223, 0.43435707776562166, 0.4426416719430371, 0.4660928254260829, 0.4771573145530726, 0.48638227797652545, 0.5069329433241173, 0.5219722936223996, 0.5242786082978311, 0.5524100050526229], "policy_accuracy": [0.014837477698483495, 0.01936050401427297, 0.018949319803746655, 0.02145127118644068, 0.024740744870651206, 0.02515192908117752, 0.02885258697591436, 0.027207850133809098, 0.02309600802854594, 0.02803021855486173, 0.024740744870651206, 0.026385481712756464, 0.02432956066012489, 0.026385481712756464, 0.025974297502230154, 0.02679666592328278, 0.02761903434433541, 0.027207850133809098, 0.024740744870651206, 0.024740744870651206, 0.028441402765388046], "value_mae": [0.0015182926589132923, 0.0008115751200085996, 0.00046911858494001394, 0.0003604730323116344, 0.0003465502752652882, 0.00015603093044391195, 0.0001154741146724279, 8.175467538469667e-05, 5.2464770353828116e-05, 2.8434128054007152e-05, 2.1146485634840485e-05, 1.3711832851090309e-05, 7.505268764649181e-06, 5.525648056822033e-06, 4.100696646434555e-06, 2.5508566487157e-06, 3.0057736801992225e-06, 2.1392691983716135e-06, 1.8429862596971553e-06, 4.2687857235011365e-06, 3.2638185027616075e-06], "training_time": 256.06008791923523, "best_policy_accuracy": 0.02885258697591436, "best_val_loss": 0.3210163006657048}