{"train_loss": [0.8622485306749644, 0.6265991607393325, 0.4581637593815707, 0.2790045423558447, 0.14284560126231002, 0.03537178051232538, 0.014648792961161469], "val_loss": [0.7063417933659427, 0.619369261505469, 0.652699051852474, 0.7286308889841141, 0.9623274111179814, 0.9489948355136006, 0.9444240761909574], "policy_accuracy": [0.02533783783783784, 0.033783783783783786, 0.02195945945945946, 0.033783783783783786, 0.030405405405405407, 0.037162162162162164, 0.033783783783783786], "value_mae": [0.004372577451962374, 0.009217902395018452, 0.003387694860607184, 0.003181238122271827, 0.0007858878061351543, 0.0005677124293445533, 0.0001631967441770374], "training_time": 49.34380793571472}