{"train_loss": [0.4815777091370212, 0.39715083307275206, 0.31829896410316677, 0.2327157771594587, 0.1648401258167981, 0.1079436482278655, 0.07079785970560415, 0.030504247828435777, 0.015389094839631273, 0.009863307997834959, 0.006736077181236442, 0.003299664867245717, 0.0012897875762664373, 0.0009725168338623063, 0.0009300730186764049, 0.0012792901804616885, 0.0005551689268727779, 0.00048776584450118565, 0.0004790926527585237, 0.0005148858898752942, 0.0003645016191770947, 0.0003414591707513426, 0.00034723784304790646, 0.00024879536767631507, 0.00023708357475248862, 0.0002935275078513655, 0.00025342512513826297, 0.00015602355842929682, 0.00014018968543244922, 0.00013463134642210554], "val_loss": [0.4182897622081149, 0.3796318011431166, 0.37631480239743853, 0.37697724864677656, 0.387651860238815, 0.4203279078025042, 0.4363921399281917, 0.47925271378777573, 0.5024838633110573, 0.5046677004035754, 0.5360019349391557, 0.5187615490734899, 0.5277910398304526, 0.5288353289437795, 0.5481073343604722, 0.523344807586285, 0.5261148197554147, 0.5224598729405532, 0.5342602192141902, 0.5171757280525829, 0.5131951819308668, 0.5212844365510225, 0.5349263680210938, 0.5249524493707106, 0.5278797859775617, 0.5060754754956054, 0.5094464327955981, 0.4939186711310279, 0.5048357865540025, 0.5220245140791995], "policy_accuracy": [0.013174019607843137, 0.0196078431372549, 0.020833333333333332, 0.02297794117647059, 0.02297794117647059, 0.021139705882352942, 0.01838235294117647, 0.023590686274509803, 0.021139705882352942, 0.021752450980392156, 0.02297794117647059, 0.023284313725490197, 0.023590686274509803, 0.024816176470588234, 0.023590686274509803, 0.02542892156862745, 0.024509803921568627, 0.023590686274509803, 0.02420343137254902, 0.02542892156862745, 0.02542892156862745, 0.02665441176470588, 0.02389705882352941, 0.024816176470588234, 0.02420343137254902, 0.025122549019607844, 0.025122549019607844, 0.024816176470588234, 0.025122549019607844, 0.024509803921568627], "value_mae": [0.0017094288806558825, 0.000545513989659501, 0.000940352771317075, 0.00027430791898023376, 2.4214205665225118e-05, 8.153249022852298e-07, 4.970811192726936e-08, 2.0257059402444398e-08, 5.739192384951355e-09, 1.6336936890439106e-09, 2.789619635508254e-10, 8.212719393441148e-11, 2.1973534103381098e-11, 4.348410520549351e-12, 5.924913337729265e-13, 1.7975204658071675e-13, 4.119230997967627e-14, 6.7275829004898036e-15, 7.219702266580974e-16, 1.9002337138702974e-16, 3.6538460245708754e-17, 4.797700492366764e-18, 3.925137442686627e-19, 8.813278554507489e-20, 1.392455163656453e-20, 1.4361923385451943e-21, 8.726432345007663e-23, 1.650483815984713e-23, 2.1169492599276567e-24, 1.6975655591631997e-25], "training_time": 445.5878040790558, "best_policy_accuracy": 0.02665441176470588, "best_val_loss": 0.37631480239743853}